path,size,type,Channel_1,Channel_2,Channel_3,Channel_4,Supplementation,Sheer_Stress,replication
figure2_6/BSA_01/6dyn/BSA_6dyn-121.tif,12583695,file,Anti-GM130,DAPI,Human VE-Cadherin antibody,-,BSA 0.1,6dyne/cm² - 4h,rep 1
figure2_6/BSA_01/6dyn/BSA_6dyn-122.tif,12583695,file,Anti-GM130,DAPI,Human VE-Cadherin antibody,-,BSA 0.1,6dyne/cm² - 4h,rep 1
figure2_6/BSA_01/6dyn/BSA_6dyn-123.tif,12583695,file,Anti-GM130,DAPI,Human VE-Cadherin antibody,-,BSA 0.1,6dyne/cm² - 4h,rep 1
figure2_6/BSA_01/6dyn/BSA_6dyn-124.tif,12583695,file,Anti-GM130,DAPI,Human VE-Cadherin antibody,-,BSA 0.1,6dyne/cm² - 4h,rep 1
figure2_6/BSA_01/6dyn/BSA_6dyn-125.tif,12583695,file,Anti-GM130,DAPI,Human VE-Cadherin antibody,-,BSA 0.1,6dyne/cm² - 4h,rep 1
figure2_6/BSA_01/6dyn/BSA_6dyn-126.tif,12583695,file,Anti-GM130,DAPI,Human VE-Cadherin antibody,-,BSA 0.1,6dyne/cm² - 4h,rep 1
figure2_6/BSA_01/6dyn/BSA_6dyn-127.tif,12583695,file,Anti-GM130,DAPI,Human VE-Cadherin antibody,-,BSA 0.1,6dyne/cm² - 4h,rep 1
figure2_6/BSA_01/6dyn/BSA_6dyn-128.tif,12583695,file,Anti-GM130,DAPI,Human VE-Cadherin antibody,-,BSA 0.1,6dyne/cm² - 4h,rep 1
figure2_6/BSA_01/6dyn/BSA_6dyn-129.tif,12583695,file,Anti-GM130,DAPI,Human VE-Cadherin antibody,-,BSA 0.1,6dyne/cm² - 4h,rep 1
figure2_6/BSA_01/6dyn/BSA_6dyn-130.tif,12583695,file,Anti-GM130,DAPI,Human VE-Cadherin antibody,-,BSA 0.1,6dyne/cm² - 4h,rep 1
figure2_6/BSA_01/6dyn/BSA_6dyn-131.tif,12583695,file,Anti-GM130,DAPI,Human VE-Cadherin antibody,-,BSA 0.1,6dyne/cm² - 4h,rep 2
figure2_6/BSA_01/6dyn/BSA_6dyn-132.tif,12583695,file,Anti-GM130,DAPI,Human VE-Cadherin antibody,-,BSA 0.1,6dyne/cm² - 4h,rep 2
figure2_6/BSA_01/6dyn/BSA_6dyn-133.tif,12583695,file,Anti-GM130,DAPI,Human VE-Cadherin antibody,-,BSA 0.1,6dyne/cm² - 4h,rep 2
figure2_6/BSA_01/6dyn/BSA_6dyn-134.tif,12583695,file,Anti-GM130,DAPI,Human VE-Cadherin antibody,-,BSA 0.1,6dyne/cm² - 4h,rep 2
figure2_6/BSA_01/6dyn/BSA_6dyn-135.tif,12583695,file,Anti-GM130,DAPI,Human VE-Cadherin antibody,-,BSA 0.1,6dyne/cm² - 4h,rep 2
figure2_6/BSA_01/6dyn/BSA_6dyn-136.tif,12583695,file,Anti-GM130,DAPI,Human VE-Cadherin antibody,-,BSA 0.1,6dyne/cm² - 4h,rep 2
figure2_6/BSA_01/6dyn/BSA_6dyn-137.tif,12583695,file,Anti-GM130,DAPI,Human VE-Cadherin antibody,-,BSA 0.1,6dyne/cm² - 4h,rep 2
figure2_6/BSA_01/6dyn/BSA_6dyn-138.tif,12583695,file,Anti-GM130,DAPI,Human VE-Cadherin antibody,-,BSA 0.1,6dyne/cm² - 4h,rep 2
figure2_6/BSA_01/6dyn/BSA_6dyn-139.tif,12583695,file,Anti-GM130,DAPI,Human VE-Cadherin antibody,-,BSA 0.1,6dyne/cm² - 4h,rep 2
figure2_6/BSA_01/6dyn/BSA_6dyn-140.tif,12583695,file,Anti-GM130,DAPI,Human VE-Cadherin antibody,-,BSA 0.1,6dyne/cm² - 4h,rep 2
figure2_6/BSA_01/6dyn/BSA_6dyn-141.tif,12583695,file,Anti-GM130,DAPI,Human VE-Cadherin antibody,-,BSA 0.1,6dyne/cm² - 4h,rep 3
figure2_6/BSA_01/6dyn/BSA_6dyn-142.tif,12583695,file,Anti-GM130,DAPI,Human VE-Cadherin antibody,-,BSA 0.1,6dyne/cm² - 4h,rep 3
figure2_6/BSA_01/6dyn/BSA_6dyn-143.tif,12583695,file,Anti-GM130,DAPI,Human VE-Cadherin antibody,-,BSA 0.1,6dyne/cm² - 4h,rep 3
figure2_6/BSA_01/6dyn/BSA_6dyn-144.tif,12583695,file,Anti-GM130,DAPI,Human VE-Cadherin antibody,-,BSA 0.1,6dyne/cm² - 4h,rep 3
figure2_6/BSA_01/6dyn/BSA_6dyn-145.tif,12583695,file,Anti-GM130,DAPI,Human VE-Cadherin antibody,-,BSA 0.1,6dyne/cm² - 4h,rep 3
figure2_6/BSA_01/6dyn/BSA_6dyn-146.tif,12583695,file,Anti-GM130,DAPI,Human VE-Cadherin antibody,-,BSA 0.1,6dyne/cm² - 4h,rep 3
figure2_6/BSA_01/6dyn/BSA_6dyn-147.tif,12583695,file,Anti-GM130,DAPI,Human VE-Cadherin antibody,-,BSA 0.1,6dyne/cm² - 4h,rep 3
figure2_6/BSA_01/6dyn/BSA_6dyn-148.tif,12583695,file,Anti-GM130,DAPI,Human VE-Cadherin antibody,-,BSA 0.1,6dyne/cm² - 4h,rep 3
figure2_6/BSA_01/6dyn/BSA_6dyn-149.tif,12583695,file,Anti-GM130,DAPI,Human VE-Cadherin antibody,-,BSA 0.1,6dyne/cm² - 4h,rep 3
figure2_6/BSA_01/6dyn/BSA_6dyn-150.tif,12583695,file,Anti-GM130,DAPI,Human VE-Cadherin antibody,-,BSA 0.1,6dyne/cm² - 4h,rep 3
figure2_6/BSA_01/20dyn/BSA_20dyn-1.tif,12583695,file,Anti-GM130,DAPI,Human VE-Cadherin antibody,-,BSA 0.1,6dyne/cm² - 4h,rep 1
figure2_6/BSA_01/20dyn/BSA_20dyn-2.tif,12583695,file,Anti-GM130,DAPI,Human VE-Cadherin antibody,-,BSA 0.1,6dyne/cm² - 4h,rep 1
figure2_6/BSA_01/20dyn/BSA_20dyn-3.tif,12583695,file,Anti-GM130,DAPI,Human VE-Cadherin antibody,-,BSA 0.1,6dyne/cm² - 4h,rep 1
figure2_6/BSA_01/20dyn/BSA_20dyn-4.tif,12583695,file,Anti-GM130,DAPI,Human VE-Cadherin antibody,-,BSA 0.1,6dyne/cm² - 4h,rep 1
figure2_6/BSA_01/20dyn/BSA_20dyn-5.tif,12583695,file,Anti-GM130,DAPI,Human VE-Cadherin antibody,-,BSA 0.1,6dyne/cm² - 4h,rep 1
figure2_6/BSA_01/20dyn/BSA_20dyn-6.tif,12583695,file,Anti-GM130,DAPI,Human VE-Cadherin antibody,-,BSA 0.1,6dyne/cm² - 4h,rep 1
figure2_6/BSA_01/20dyn/BSA_20dyn-7.tif,12583695,file,Anti-GM130,DAPI,Human VE-Cadherin antibody,-,BSA 0.1,6dyne/cm² - 4h,rep 1
figure2_6/BSA_01/20dyn/BSA_20dyn-8.tif,12583695,file,Anti-GM130,DAPI,Human VE-Cadherin antibody,-,BSA 0.1,6dyne/cm² - 4h,rep 1
figure2_6/BSA_01/20dyn/BSA_20dyn-9.tif,12583695,file,Anti-GM130,DAPI,Human VE-Cadherin antibody,-,BSA 0.1,6dyne/cm² - 4h,rep 1
figure2_6/BSA_01/20dyn/BSA_20dyn-10.tif,12583695,file,Anti-GM130,DAPI,Human VE-Cadherin antibody,-,BSA 0.1,6dyne/cm² - 4h,rep 1
figure2_6/BSA_01/20dyn/BSA_20dyn-11.tif,12583695,file,Anti-GM130,DAPI,Human VE-Cadherin antibody,-,BSA 0.1,6dyne/cm² - 4h,rep 2
figure2_6/BSA_01/20dyn/BSA_20dyn-12.tif,12583695,file,Anti-GM130,DAPI,Human VE-Cadherin antibody,-,BSA 0.1,6dyne/cm² - 4h,rep 2
figure2_6/BSA_01/20dyn/BSA_20dyn-13.tif,12583695,file,Anti-GM130,DAPI,Human VE-Cadherin antibody,-,BSA 0.1,6dyne/cm² - 4h,rep 2
figure2_6/BSA_01/20dyn/BSA_20dyn-14.tif,12583695,file,Anti-GM130,DAPI,Human VE-Cadherin antibody,-,BSA 0.1,6dyne/cm² - 4h,rep 2
figure2_6/BSA_01/20dyn/BSA_20dyn-15.tif,12583695,file,Anti-GM130,DAPI,Human VE-Cadherin antibody,-,BSA 0.1,6dyne/cm² - 4h,rep 2
figure2_6/BSA_01/20dyn/BSA_20dyn-16.tif,12583695,file,Anti-GM130,DAPI,Human VE-Cadherin antibody,-,BSA 0.1,6dyne/cm² - 4h,rep 2
figure2_6/BSA_01/20dyn/BSA_20dyn-17.tif,12583695,file,Anti-GM130,DAPI,Human VE-Cadherin antibody,-,BSA 0.1,6dyne/cm² - 4h,rep 2
figure2_6/BSA_01/20dyn/BSA_20dyn-18.tif,12583695,file,Anti-GM130,DAPI,Human VE-Cadherin antibody,-,BSA 0.1,6dyne/cm² - 4h,rep 2
figure2_6/BSA_01/20dyn/BSA_20dyn-19.tif,12583695,file,Anti-GM130,DAPI,Human VE-Cadherin antibody,-,BSA 0.1,6dyne/cm² - 4h,rep 2
figure2_6/BSA_01/20dyn/BSA_20dyn-20.tif,12583695,file,Anti-GM130,DAPI,Human VE-Cadherin antibody,-,BSA 0.1,6dyne/cm² - 4h,rep 2
figure2_6/BSA_01/20dyn/BSA_20dyn-21.tif,12583695,file,Anti-GM130,DAPI,Human VE-Cadherin antibody,-,BSA 0.1,6dyne/cm² - 4h,rep 3
figure2_6/BSA_01/20dyn/BSA_20dyn-22.tif,12583695,file,Anti-GM130,DAPI,Human VE-Cadherin antibody,-,BSA 0.1,6dyne/cm² - 4h,rep 3
figure2_6/BSA_01/20dyn/BSA_20dyn-23.tif,12583695,file,Anti-GM130,DAPI,Human VE-Cadherin antibody,-,BSA 0.1,6dyne/cm² - 4h,rep 3
figure2_6/BSA_01/20dyn/BSA_20dyn-24.tif,12583695,file,Anti-GM130,DAPI,Human VE-Cadherin antibody,-,BSA 0.1,6dyne/cm² - 4h,rep 3
figure2_6/BSA_01/20dyn/BSA_20dyn-25.tif,12583695,file,Anti-GM130,DAPI,Human VE-Cadherin antibody,-,BSA 0.1,6dyne/cm² - 4h,rep 3
figure2_6/BSA_01/20dyn/BSA_20dyn-26.tif,12583695,file,Anti-GM130,DAPI,Human VE-Cadherin antibody,-,BSA 0.1,6dyne/cm² - 4h,rep 3
figure2_6/BSA_01/20dyn/BSA_20dyn-27.tif,12583695,file,Anti-GM130,DAPI,Human VE-Cadherin antibody,-,BSA 0.1,6dyne/cm² - 4h,rep 3
figure2_6/BSA_01/20dyn/BSA_20dyn-28.tif,12583695,file,Anti-GM130,DAPI,Human VE-Cadherin antibody,-,BSA 0.1,6dyne/cm² - 4h,rep 3
figure2_6/BSA_01/20dyn/BSA_20dyn-29.tif,12583695,file,Anti-GM130,DAPI,Human VE-Cadherin antibody,-,BSA 0.1,6dyne/cm² - 4h,rep 3
figure2_6/BSA_01/20dyn/BSA_20dyn-30.tif,12583695,file,Anti-GM130,DAPI,Human VE-Cadherin antibody,-,BSA 0.1,6dyne/cm² - 4h,rep 3
figure2_6/BSA_01/static/BSA_static-91.tif,12583695,file,Anti-GM130,DAPI,Human VE-Cadherin antibody,-,BSA 0.1,static,rep 3
figure2_6/BSA_01/static/BSA_static-92.tif,12583695,file,Anti-GM130,DAPI,Human VE-Cadherin antibody,-,BSA 0.1,static,rep 3
figure2_6/BSA_01/static/BSA_static-93.tif,12583695,file,Anti-GM130,DAPI,Human VE-Cadherin antibody,-,BSA 0.1,static,rep 3
figure2_6/BSA_01/static/BSA_static-94.tif,12583695,file,Anti-GM130,DAPI,Human VE-Cadherin antibody,-,BSA 0.1,static,rep 3
figure2_6/BSA_01/static/BSA_static-95.tif,12583695,file,Anti-GM130,DAPI,Human VE-Cadherin antibody,-,BSA 0.1,static,rep 3
figure2_6/BSA_01/static/BSA_static-96.tif,12583695,file,Anti-GM130,DAPI,Human VE-Cadherin antibody,-,BSA 0.1,static,rep 3
figure2_6/BSA_01/static/BSA_static-97.tif,12583695,file,Anti-GM130,DAPI,Human VE-Cadherin antibody,-,BSA 0.1,static,rep 3
figure2_6/BSA_01/static/BSA_static-98.tif,12583695,file,Anti-GM130,DAPI,Human VE-Cadherin antibody,-,BSA 0.1,static,rep 3
figure2_6/BSA_01/static/BSA_static-99.tif,12583695,file,Anti-GM130,DAPI,Human VE-Cadherin antibody,-,BSA 0.1,static,rep 3
figure2_6/BSA_01/static/BSA_static-100.tif,12583695,file,Anti-GM130,DAPI,Human VE-Cadherin antibody,-,BSA 0.1,static,rep 3
figure2_6/BSA_01/static/BSA_static-101.tif,12583695,file,Anti-GM130,DAPI,Human VE-Cadherin antibody,-,BSA 0.1,static,rep 2
figure2_6/BSA_01/static/BSA_static-102.tif,12583695,file,Anti-GM130,DAPI,Human VE-Cadherin antibody,-,BSA 0.1,static,rep 2
figure2_6/BSA_01/static/BSA_static-103.tif,12583695,file,Anti-GM130,DAPI,Human VE-Cadherin antibody,-,BSA 0.1,static,rep 2
figure2_6/BSA_01/static/BSA_static-104.tif,12583695,file,Anti-GM130,DAPI,Human VE-Cadherin antibody,-,BSA 0.1,static,rep 2
figure2_6/BSA_01/static/BSA_static-105.tif,12583695,file,Anti-GM130,DAPI,Human VE-Cadherin antibody,-,BSA 0.1,static,rep 2
figure2_6/BSA_01/static/BSA_static-106.tif,12583695,file,Anti-GM130,DAPI,Human VE-Cadherin antibody,-,BSA 0.1,static,rep 2
figure2_6/BSA_01/static/BSA_static-107.tif,12583695,file,Anti-GM130,DAPI,Human VE-Cadherin antibody,-,BSA 0.1,static,rep 2
figure2_6/BSA_01/static/BSA_static-108.tif,12583695,file,Anti-GM130,DAPI,Human VE-Cadherin antibody,-,BSA 0.1,static,rep 2
figure2_6/BSA_01/static/BSA_static-109.tif,12583695,file,Anti-GM130,DAPI,Human VE-Cadherin antibody,-,BSA 0.1,static,rep 2
figure2_6/BSA_01/static/BSA_static-110.tif,12583695,file,Anti-GM130,DAPI,Human VE-Cadherin antibody,-,BSA 0.1,static,rep 2
figure2_6/BSA_01/static/BSA_static-111.tif,12583695,file,Anti-GM130,DAPI,Human VE-Cadherin antibody,-,BSA 0.1,static,rep 1
figure2_6/BSA_01/static/BSA_static-112.tif,12583695,file,Anti-GM130,DAPI,Human VE-Cadherin antibody,-,BSA 0.1,static,rep 1
figure2_6/BSA_01/static/BSA_static-113.tif,12583695,file,Anti-GM130,DAPI,Human VE-Cadherin antibody,-,BSA 0.1,static,rep 1
figure2_6/BSA_01/static/BSA_static-114.tif,12583695,file,Anti-GM130,DAPI,Human VE-Cadherin antibody,-,BSA 0.1,static,rep 1
figure2_6/BSA_01/static/BSA_static-115.tif,12583695,file,Anti-GM130,DAPI,Human VE-Cadherin antibody,-,BSA 0.1,static,rep 1
figure2_6/BSA_01/static/BSA_static-116.tif,12583695,file,Anti-GM130,DAPI,Human VE-Cadherin antibody,-,BSA 0.1,static,rep 1
figure2_6/BSA_01/static/BSA_static-117.tif,12583695,file,Anti-GM130,DAPI,Human VE-Cadherin antibody,-,BSA 0.1,static,rep 1
figure2_6/BSA_01/static/BSA_static-118.tif,12583695,file,Anti-GM130,DAPI,Human VE-Cadherin antibody,-,BSA 0.1,static,rep 1
figure2_6/BSA_01/static/BSA_static-119.tif,12583695,file,Anti-GM130,DAPI,Human VE-Cadherin antibody,-,BSA 0.1,static,rep 1
figure2_6/BSA_01/static/BSA_static-120.tif,12583695,file,Anti-GM130,DAPI,Human VE-Cadherin antibody,-,BSA 0.1,static,rep 1
figure2_6/BSA_BMP9/6dyn/BSA_BMP9_6dyn-1.tif,12583695,file,Anti-GM130,DAPI,Human VE-Cadherin antibody,-,BSA 0.1 BMP9 1ng/ml,6dyne/cm² - 4h,rep 1
figure2_6/BSA_BMP9/6dyn/BSA_BMP9_6dyn-2.tif,12583695,file,Anti-GM130,DAPI,Human VE-Cadherin antibody,-,BSA 0.1 BMP9 1ng/ml,6dyne/cm² - 4h,rep 1
figure2_6/BSA_BMP9/6dyn/BSA_BMP9_6dyn-3.tif,12583695,file,Anti-GM130,DAPI,Human VE-Cadherin antibody,-,BSA 0.1 BMP9 1ng/ml,6dyne/cm² - 4h,rep 1
figure2_6/BSA_BMP9/6dyn/BSA_BMP9_6dyn-4.tif,12583695,file,Anti-GM130,DAPI,Human VE-Cadherin antibody,-,BSA 0.1 BMP9 1ng/ml,6dyne/cm² - 4h,rep 1
figure2_6/BSA_BMP9/6dyn/BSA_BMP9_6dyn-5.tif,12583695,file,Anti-GM130,DAPI,Human VE-Cadherin antibody,-,BSA 0.1 BMP9 1ng/ml,6dyne/cm² - 4h,rep 1
figure2_6/BSA_BMP9/6dyn/BSA_BMP9_6dyn-6.tif,12583695,file,Anti-GM130,DAPI,Human VE-Cadherin antibody,-,BSA 0.1 BMP9 1ng/ml,6dyne/cm² - 4h,rep 1
figure2_6/BSA_BMP9/6dyn/BSA_BMP9_6dyn-7.tif,12583695,file,Anti-GM130,DAPI,Human VE-Cadherin antibody,-,BSA 0.1 BMP9 1ng/ml,6dyne/cm² - 4h,rep 1
figure2_6/BSA_BMP9/6dyn/BSA_BMP9_6dyn-8.tif,12583695,file,Anti-GM130,DAPI,Human VE-Cadherin antibody,-,BSA 0.1 BMP9 1ng/ml,6dyne/cm² - 4h,rep 1
figure2_6/BSA_BMP9/6dyn/BSA_BMP9_6dyn-9.tif,12583695,file,Anti-GM130,DAPI,Human VE-Cadherin antibody,-,BSA 0.1 BMP9 1ng/ml,6dyne/cm² - 4h,rep 1
figure2_6/BSA_BMP9/6dyn/BSA_BMP9_6dyn-10.tif,12583695,file,Anti-GM130,DAPI,Human VE-Cadherin antibody,-,BSA 0.1 BMP9 1ng/ml,6dyne/cm² - 4h,rep 1
figure2_6/BSA_BMP9/6dyn/BSA_BMP9_6dyn-11.tif,12583695,file,Anti-GM130,DAPI,Human VE-Cadherin antibody,-,BSA 0.1 BMP9 1ng/ml,6dyne/cm² - 4h,rep 2
figure2_6/BSA_BMP9/6dyn/BSA_BMP9_6dyn-12.tif,12583695,file,Anti-GM130,DAPI,Human VE-Cadherin antibody,-,BSA 0.1 BMP9 1ng/ml,6dyne/cm² - 4h,rep 2
figure2_6/BSA_BMP9/6dyn/BSA_BMP9_6dyn-13.tif,12583695,file,Anti-GM130,DAPI,Human VE-Cadherin antibody,-,BSA 0.1 BMP9 1ng/ml,6dyne/cm² - 4h,rep 2
figure2_6/BSA_BMP9/6dyn/BSA_BMP9_6dyn-14.tif,12583695,file,Anti-GM130,DAPI,Human VE-Cadherin antibody,-,BSA 0.1 BMP9 1ng/ml,6dyne/cm² - 4h,rep 2
figure2_6/BSA_BMP9/6dyn/BSA_BMP9_6dyn-15.tif,12583695,file,Anti-GM130,DAPI,Human VE-Cadherin antibody,-,BSA 0.1 BMP9 1ng/ml,6dyne/cm² - 4h,rep 2
figure2_6/BSA_BMP9/6dyn/BSA_BMP9_6dyn-16.tif,12583695,file,Anti-GM130,DAPI,Human VE-Cadherin antibody,-,BSA 0.1 BMP9 1ng/ml,6dyne/cm² - 4h,rep 2
figure2_6/BSA_BMP9/6dyn/BSA_BMP9_6dyn-17.tif,12583695,file,Anti-GM130,DAPI,Human VE-Cadherin antibody,-,BSA 0.1 BMP9 1ng/ml,6dyne/cm² - 4h,rep 2
figure2_6/BSA_BMP9/6dyn/BSA_BMP9_6dyn-18.tif,12583695,file,Anti-GM130,DAPI,Human VE-Cadherin antibody,-,BSA 0.1 BMP9 1ng/ml,6dyne/cm² - 4h,rep 2
figure2_6/BSA_BMP9/6dyn/BSA_BMP9_6dyn-19.tif,12583695,file,Anti-GM130,DAPI,Human VE-Cadherin antibody,-,BSA 0.1 BMP9 1ng/ml,6dyne/cm² - 4h,rep 2
figure2_6/BSA_BMP9/6dyn/BSA_BMP9_6dyn-20.tif,12583695,file,Anti-GM130,DAPI,Human VE-Cadherin antibody,-,BSA 0.1 BMP9 1ng/ml,6dyne/cm² - 4h,rep 2
figure2_6/BSA_BMP9/6dyn/BSA_BMP9_6dyn-21.tif,12583695,file,Anti-GM130,DAPI,Human VE-Cadherin antibody,-,BSA 0.1 BMP9 1ng/ml,6dyne/cm² - 4h,rep 3
figure2_6/BSA_BMP9/6dyn/BSA_BMP9_6dyn-22.tif,12583695,file,Anti-GM130,DAPI,Human VE-Cadherin antibody,-,BSA 0.1 BMP9 1ng/ml,6dyne/cm² - 4h,rep 3
figure2_6/BSA_BMP9/6dyn/BSA_BMP9_6dyn-23.tif,12583695,file,Anti-GM130,DAPI,Human VE-Cadherin antibody,-,BSA 0.1 BMP9 1ng/ml,6dyne/cm² - 4h,rep 3
figure2_6/BSA_BMP9/6dyn/BSA_BMP9_6dyn-24.tif,12583695,file,Anti-GM130,DAPI,Human VE-Cadherin antibody,-,BSA 0.1 BMP9 1ng/ml,6dyne/cm² - 4h,rep 3
figure2_6/BSA_BMP9/6dyn/BSA_BMP9_6dyn-25.tif,12583695,file,Anti-GM130,DAPI,Human VE-Cadherin antibody,-,BSA 0.1 BMP9 1ng/ml,6dyne/cm² - 4h,rep 3
figure2_6/BSA_BMP9/6dyn/BSA_BMP9_6dyn-26.tif,12583695,file,Anti-GM130,DAPI,Human VE-Cadherin antibody,-,BSA 0.1 BMP9 1ng/ml,6dyne/cm² - 4h,rep 3
figure2_6/BSA_BMP9/6dyn/BSA_BMP9_6dyn-27.tif,12583695,file,Anti-GM130,DAPI,Human VE-Cadherin antibody,-,BSA 0.1 BMP9 1ng/ml,6dyne/cm² - 4h,rep 3
figure2_6/BSA_BMP9/6dyn/BSA_BMP9_6dyn-28.tif,12583695,file,Anti-GM130,DAPI,Human VE-Cadherin antibody,-,BSA 0.1 BMP9 1ng/ml,6dyne/cm² - 4h,rep 3
figure2_6/BSA_BMP9/6dyn/BSA_BMP9_6dyn-29.tif,12583695,file,Anti-GM130,DAPI,Human VE-Cadherin antibody,-,BSA 0.1 BMP9 1ng/ml,6dyne/cm² - 4h,rep 3
figure2_6/BSA_BMP9/6dyn/BSA_BMP9_6dyn-30.tif,12583695,file,Anti-GM130,DAPI,Human VE-Cadherin antibody,-,BSA 0.1 BMP9 1ng/ml,6dyne/cm² - 4h,rep 3
figure2_6/BSA_BMP9/20dyn/BSA_BMP9_20dyn-1.tif,12583695,file,Anti-GM130,DAPI,Human VE-Cadherin antibody,-,BSA 0.1 BMP9 1ng/ml,20dyne/cm² - 4h,rep 1
figure2_6/BSA_BMP9/20dyn/BSA_BMP9_20dyn-2.tif,12583695,file,Anti-GM130,DAPI,Human VE-Cadherin antibody,-,BSA 0.1 BMP9 1ng/ml,20dyne/cm² - 4h,rep 1
figure2_6/BSA_BMP9/20dyn/BSA_BMP9_20dyn-3.tif,12583695,file,Anti-GM130,DAPI,Human VE-Cadherin antibody,-,BSA 0.1 BMP9 1ng/ml,20dyne/cm² - 4h,rep 1
figure2_6/BSA_BMP9/20dyn/BSA_BMP9_20dyn-4.tif,12583695,file,Anti-GM130,DAPI,Human VE-Cadherin antibody,-,BSA 0.1 BMP9 1ng/ml,20dyne/cm² - 4h,rep 1
figure2_6/BSA_BMP9/20dyn/BSA_BMP9_20dyn-5.tif,12583695,file,Anti-GM130,DAPI,Human VE-Cadherin antibody,-,BSA 0.1 BMP9 1ng/ml,20dyne/cm² - 4h,rep 1
figure2_6/BSA_BMP9/20dyn/BSA_BMP9_20dyn-6.tif,12583695,file,Anti-GM130,DAPI,Human VE-Cadherin antibody,-,BSA 0.1 BMP9 1ng/ml,20dyne/cm² - 4h,rep 1
figure2_6/BSA_BMP9/20dyn/BSA_BMP9_20dyn-7.tif,12583695,file,Anti-GM130,DAPI,Human VE-Cadherin antibody,-,BSA 0.1 BMP9 1ng/ml,20dyne/cm² - 4h,rep 1
figure2_6/BSA_BMP9/20dyn/BSA_BMP9_20dyn-8.tif,12583695,file,Anti-GM130,DAPI,Human VE-Cadherin antibody,-,BSA 0.1 BMP9 1ng/ml,20dyne/cm² - 4h,rep 1
figure2_6/BSA_BMP9/20dyn/BSA_BMP9_20dyn-9.tif,12583695,file,Anti-GM130,DAPI,Human VE-Cadherin antibody,-,BSA 0.1 BMP9 1ng/ml,20dyne/cm² - 4h,rep 1
figure2_6/BSA_BMP9/20dyn/BSA_BMP9_20dyn-10.tif,12583695,file,Anti-GM130,DAPI,Human VE-Cadherin antibody,-,BSA 0.1 BMP9 1ng/ml,20dyne/cm² - 4h,rep 1
figure2_6/BSA_BMP9/20dyn/BSA_BMP9_20dyn-11.tif,12583695,file,Anti-GM130,DAPI,Human VE-Cadherin antibody,-,BSA 0.1 BMP9 1ng/ml,20dyne/cm² - 4h,rep 2
figure2_6/BSA_BMP9/20dyn/BSA_BMP9_20dyn-12.tif,12583695,file,Anti-GM130,DAPI,Human VE-Cadherin antibody,-,BSA 0.1 BMP9 1ng/ml,20dyne/cm² - 4h,rep 2
figure2_6/BSA_BMP9/20dyn/BSA_BMP9_20dyn-13.tif,12583695,file,Anti-GM130,DAPI,Human VE-Cadherin antibody,-,BSA 0.1 BMP9 1ng/ml,20dyne/cm² - 4h,rep 2
figure2_6/BSA_BMP9/20dyn/BSA_BMP9_20dyn-14.tif,12583695,file,Anti-GM130,DAPI,Human VE-Cadherin antibody,-,BSA 0.1 BMP9 1ng/ml,20dyne/cm² - 4h,rep 2
figure2_6/BSA_BMP9/20dyn/BSA_BMP9_20dyn-15.tif,12583695,file,Anti-GM130,DAPI,Human VE-Cadherin antibody,-,BSA 0.1 BMP9 1ng/ml,20dyne/cm² - 4h,rep 2
figure2_6/BSA_BMP9/20dyn/BSA_BMP9_20dyn-16.tif,12583695,file,Anti-GM130,DAPI,Human VE-Cadherin antibody,-,BSA 0.1 BMP9 1ng/ml,20dyne/cm² - 4h,rep 2
figure2_6/BSA_BMP9/20dyn/BSA_BMP9_20dyn-17.tif,12583695,file,Anti-GM130,DAPI,Human VE-Cadherin antibody,-,BSA 0.1 BMP9 1ng/ml,20dyne/cm² - 4h,rep 2
figure2_6/BSA_BMP9/20dyn/BSA_BMP9_20dyn-18.tif,12583695,file,Anti-GM130,DAPI,Human VE-Cadherin antibody,-,BSA 0.1 BMP9 1ng/ml,20dyne/cm² - 4h,rep 2
figure2_6/BSA_BMP9/20dyn/BSA_BMP9_20dyn-19.tif,12583695,file,Anti-GM130,DAPI,Human VE-Cadherin antibody,-,BSA 0.1 BMP9 1ng/ml,20dyne/cm² - 4h,rep 2
figure2_6/BSA_BMP9/20dyn/BSA_BMP9_20dyn-20.tif,12583695,file,Anti-GM130,DAPI,Human VE-Cadherin antibody,-,BSA 0.1 BMP9 1ng/ml,20dyne/cm² - 4h,rep 2
figure2_6/BSA_BMP9/20dyn/BSA_BMP9_20dyn-21.tif,12583695,file,Anti-GM130,DAPI,Human VE-Cadherin antibody,-,BSA 0.1 BMP9 1ng/ml,20dyne/cm² - 4h,rep 3
figure2_6/BSA_BMP9/20dyn/BSA_BMP9_20dyn-22.tif,12583695,file,Anti-GM130,DAPI,Human VE-Cadherin antibody,-,BSA 0.1 BMP9 1ng/ml,20dyne/cm² - 4h,rep 3
figure2_6/BSA_BMP9/20dyn/BSA_BMP9_20dyn-23.tif,12583695,file,Anti-GM130,DAPI,Human VE-Cadherin antibody,-,BSA 0.1 BMP9 1ng/ml,20dyne/cm² - 4h,rep 3
figure2_6/BSA_BMP9/20dyn/BSA_BMP9_20dyn-24.tif,12583695,file,Anti-GM130,DAPI,Human VE-Cadherin antibody,-,BSA 0.1 BMP9 1ng/ml,20dyne/cm² - 4h,rep 3
figure2_6/BSA_BMP9/20dyn/BSA_BMP9_20dyn-25.tif,12583695,file,Anti-GM130,DAPI,Human VE-Cadherin antibody,-,BSA 0.1 BMP9 1ng/ml,20dyne/cm² - 4h,rep 3
figure2_6/BSA_BMP9/20dyn/BSA_BMP9_20dyn-26.tif,12583695,file,Anti-GM130,DAPI,Human VE-Cadherin antibody,-,BSA 0.1 BMP9 1ng/ml,20dyne/cm² - 4h,rep 3
figure2_6/BSA_BMP9/20dyn/BSA_BMP9_20dyn-27.tif,12583695,file,Anti-GM130,DAPI,Human VE-Cadherin antibody,-,BSA 0.1 BMP9 1ng/ml,20dyne/cm² - 4h,rep 3
figure2_6/BSA_BMP9/20dyn/BSA_BMP9_20dyn-28.tif,12583695,file,Anti-GM130,DAPI,Human VE-Cadherin antibody,-,BSA 0.1 BMP9 1ng/ml,20dyne/cm² - 4h,rep 3
figure2_6/BSA_BMP9/20dyn/BSA_BMP9_20dyn-29.tif,12583695,file,Anti-GM130,DAPI,Human VE-Cadherin antibody,-,BSA 0.1 BMP9 1ng/ml,20dyne/cm² - 4h,rep 3
figure2_6/BSA_BMP9/20dyn/BSA_BMP9_20dyn-30.tif,12583695,file,Anti-GM130,DAPI,Human VE-Cadherin antibody,-,BSA 0.1 BMP9 1ng/ml,20dyne/cm² - 4h,rep 3
figure2_6/BSA_BMP9/static/BSA_BMP9_static-1.tif,12583695,file,Anti-GM130,DAPI,Human VE-Cadherin antibody,-,BSA 0.1 BMP9 1ng/ml,static,rep 1
figure2_6/BSA_BMP9/static/BSA_BMP9_static-2.tif,12583695,file,Anti-GM130,DAPI,Human VE-Cadherin antibody,-,BSA 0.1 BMP9 1ng/ml,static,rep 1
figure2_6/BSA_BMP9/static/BSA_BMP9_static-3.tif,12583695,file,Anti-GM130,DAPI,Human VE-Cadherin antibody,-,BSA 0.1 BMP9 1ng/ml,static,rep 1
figure2_6/BSA_BMP9/static/BSA_BMP9_static-4.tif,12583695,file,Anti-GM130,DAPI,Human VE-Cadherin antibody,-,BSA 0.1 BMP9 1ng/ml,static,rep 1
figure2_6/BSA_BMP9/static/BSA_BMP9_static-5.tif,12583695,file,Anti-GM130,DAPI,Human VE-Cadherin antibody,-,BSA 0.1 BMP9 1ng/ml,static,rep 1
figure2_6/BSA_BMP9/static/BSA_BMP9_static-6.tif,12583695,file,Anti-GM130,DAPI,Human VE-Cadherin antibody,-,BSA 0.1 BMP9 1ng/ml,static,rep 1
figure2_6/BSA_BMP9/static/BSA_BMP9_static-7.tif,12583695,file,Anti-GM130,DAPI,Human VE-Cadherin antibody,-,BSA 0.1 BMP9 1ng/ml,static,rep 1
figure2_6/BSA_BMP9/static/BSA_BMP9_static-8.tif,12583695,file,Anti-GM130,DAPI,Human VE-Cadherin antibody,-,BSA 0.1 BMP9 1ng/ml,static,rep 1
figure2_6/BSA_BMP9/static/BSA_BMP9_static-9.tif,12583695,file,Anti-GM130,DAPI,Human VE-Cadherin antibody,-,BSA 0.1 BMP9 1ng/ml,static,rep 1
figure2_6/BSA_BMP9/static/BSA_BMP9_static-10.tif,12583695,file,Anti-GM130,DAPI,Human VE-Cadherin antibody,-,BSA 0.1 BMP9 1ng/ml,static,rep 1
figure2_6/BSA_BMP9/static/BSA_BMP9_static-11.tif,12583695,file,Anti-GM130,DAPI,Human VE-Cadherin antibody,-,BSA 0.1 BMP9 1ng/ml,static,rep 2
figure2_6/BSA_BMP9/static/BSA_BMP9_static-12.tif,12583695,file,Anti-GM130,DAPI,Human VE-Cadherin antibody,-,BSA 0.1 BMP9 1ng/ml,static,rep 2
figure2_6/BSA_BMP9/static/BSA_BMP9_static-13.tif,12583695,file,Anti-GM130,DAPI,Human VE-Cadherin antibody,-,BSA 0.1 BMP9 1ng/ml,static,rep 2
figure2_6/BSA_BMP9/static/BSA_BMP9_static-14.tif,12583695,file,Anti-GM130,DAPI,Human VE-Cadherin antibody,-,BSA 0.1 BMP9 1ng/ml,static,rep 2
figure2_6/BSA_BMP9/static/BSA_BMP9_static-15.tif,12583695,file,Anti-GM130,DAPI,Human VE-Cadherin antibody,-,BSA 0.1 BMP9 1ng/ml,static,rep 2
figure2_6/BSA_BMP9/static/BSA_BMP9_static-16.tif,12583695,file,Anti-GM130,DAPI,Human VE-Cadherin antibody,-,BSA 0.1 BMP9 1ng/ml,static,rep 2
figure2_6/BSA_BMP9/static/BSA_BMP9_static-17.tif,12583695,file,Anti-GM130,DAPI,Human VE-Cadherin antibody,-,BSA 0.1 BMP9 1ng/ml,static,rep 2
figure2_6/BSA_BMP9/static/BSA_BMP9_static-18.tif,12583695,file,Anti-GM130,DAPI,Human VE-Cadherin antibody,-,BSA 0.1 BMP9 1ng/ml,static,rep 2
figure2_6/BSA_BMP9/static/BSA_BMP9_static-19.tif,12583695,file,Anti-GM130,DAPI,Human VE-Cadherin antibody,-,BSA 0.1 BMP9 1ng/ml,static,rep 2
figure2_6/BSA_BMP9/static/BSA_BMP9_static-20.tif,12583695,file,Anti-GM130,DAPI,Human VE-Cadherin antibody,-,BSA 0.1 BMP9 1ng/ml,static,rep 2
figure2_6/BSA_BMP9/static/BSA_BMP9_static-21.tif,12583695,file,Anti-GM130,DAPI,Human VE-Cadherin antibody,-,BSA 0.1 BMP9 1ng/ml,static,rep 3
figure2_6/BSA_BMP9/static/BSA_BMP9_static-22.tif,12583695,file,Anti-GM130,DAPI,Human VE-Cadherin antibody,-,BSA 0.1 BMP9 1ng/ml,static,rep 3
figure2_6/BSA_BMP9/static/BSA_BMP9_static-23.tif,12583695,file,Anti-GM130,DAPI,Human VE-Cadherin antibody,-,BSA 0.1 BMP9 1ng/ml,static,rep 3
figure2_6/BSA_BMP9/static/BSA_BMP9_static-24.tif,12583695,file,Anti-GM130,DAPI,Human VE-Cadherin antibody,-,BSA 0.1 BMP9 1ng/ml,static,rep 3
figure2_6/BSA_BMP9/static/BSA_BMP9_static-25.tif,12583695,file,Anti-GM130,DAPI,Human VE-Cadherin antibody,-,BSA 0.1 BMP9 1ng/ml,static,rep 3
figure2_6/BSA_BMP9/static/BSA_BMP9_static-26.tif,12583695,file,Anti-GM130,DAPI,Human VE-Cadherin antibody,-,BSA 0.1 BMP9 1ng/ml,static,rep 3
figure2_6/BSA_BMP9/static/BSA_BMP9_static-27.tif,12583695,file,Anti-GM130,DAPI,Human VE-Cadherin antibody,-,BSA 0.1 BMP9 1ng/ml,static,rep 3
figure2_6/BSA_BMP9/static/BSA_BMP9_static-28.tif,12583695,file,Anti-GM130,DAPI,Human VE-Cadherin antibody,-,BSA 0.1 BMP9 1ng/ml,static,rep 3
figure2_6/BSA_BMP9/static/BSA_BMP9_static-29.tif,12583695,file,Anti-GM130,DAPI,Human VE-Cadherin antibody,-,BSA 0.1 BMP9 1ng/ml,static,rep 3
figure2_6/BSA_BMP9/static/BSA_BMP9_static-30.tif,12583695,file,Anti-GM130,DAPI,Human VE-Cadherin antibody,-,BSA 0.1 BMP9 1ng/ml,static,rep 3
figure2_6/EGM2_regular/6dyn/EGM2_regular_6dyn-21.tif,12583695,file,Anti-GM130,DAPI,Human VE-Cadherin antibody,-,EGM2,6dyne/cm² - 4h,rep 1
figure2_6/EGM2_regular/6dyn/EGM2_regular_6dyn-22.tif,12583695,file,Anti-GM130,DAPI,Human VE-Cadherin antibody,-,EGM2,6dyne/cm² - 4h,rep 1
figure2_6/EGM2_regular/6dyn/EGM2_regular_6dyn-23.tif,12583695,file,Anti-GM130,DAPI,Human VE-Cadherin antibody,-,EGM2,6dyne/cm² - 4h,rep 1
figure2_6/EGM2_regular/6dyn/EGM2_regular_6dyn-24.tif,12583695,file,Anti-GM130,DAPI,Human VE-Cadherin antibody,-,EGM2,6dyne/cm² - 4h,rep 1
figure2_6/EGM2_regular/6dyn/EGM2_regular_6dyn-25.tif,12583695,file,Anti-GM130,DAPI,Human VE-Cadherin antibody,-,EGM2,6dyne/cm² - 4h,rep 1
figure2_6/EGM2_regular/6dyn/EGM2_regular_6dyn-26.tif,12583695,file,Anti-GM130,DAPI,Human VE-Cadherin antibody,-,EGM2,6dyne/cm² - 4h,rep 1
figure2_6/EGM2_regular/6dyn/EGM2_regular_6dyn-27.tif,12583695,file,Anti-GM130,DAPI,Human VE-Cadherin antibody,-,EGM2,6dyne/cm² - 4h,rep 1
figure2_6/EGM2_regular/6dyn/EGM2_regular_6dyn-28.tif,12583695,file,Anti-GM130,DAPI,Human VE-Cadherin antibody,-,EGM2,6dyne/cm² - 4h,rep 1
figure2_6/EGM2_regular/6dyn/EGM2_regular_6dyn-29.tif,12583695,file,Anti-GM130,DAPI,Human VE-Cadherin antibody,-,EGM2,6dyne/cm² - 4h,rep 1
figure2_6/EGM2_regular/6dyn/EGM2_regular_6dyn-30.tif,12583695,file,Anti-GM130,DAPI,Human VE-Cadherin antibody,-,EGM2,6dyne/cm² - 4h,rep 1
figure2_6/EGM2_regular/6dyn/EGM2_regular_6dyn-71.tif,12583695,file,Anti-GM130,DAPI,Human VE-Cadherin antibody,-,EGM2,6dyne/cm² - 4h,rep 2
figure2_6/EGM2_regular/6dyn/EGM2_regular_6dyn-72.tif,12583695,file,Anti-GM130,DAPI,Human VE-Cadherin antibody,-,EGM2,6dyne/cm² - 4h,rep 2
figure2_6/EGM2_regular/6dyn/EGM2_regular_6dyn-73.tif,12583695,file,Anti-GM130,DAPI,Human VE-Cadherin antibody,-,EGM2,6dyne/cm² - 4h,rep 2
figure2_6/EGM2_regular/6dyn/EGM2_regular_6dyn-74.tif,12583695,file,Anti-GM130,DAPI,Human VE-Cadherin antibody,-,EGM2,6dyne/cm² - 4h,rep 2
figure2_6/EGM2_regular/6dyn/EGM2_regular_6dyn-75.tif,12583695,file,Anti-GM130,DAPI,Human VE-Cadherin antibody,-,EGM2,6dyne/cm² - 4h,rep 2
figure2_6/EGM2_regular/6dyn/EGM2_regular_6dyn-76.tif,12583695,file,Anti-GM130,DAPI,Human VE-Cadherin antibody,-,EGM2,6dyne/cm² - 4h,rep 2
figure2_6/EGM2_regular/6dyn/EGM2_regular_6dyn-77.tif,12583695,file,Anti-GM130,DAPI,Human VE-Cadherin antibody,-,EGM2,6dyne/cm² - 4h,rep 2
figure2_6/EGM2_regular/6dyn/EGM2_regular_6dyn-78.tif,12583695,file,Anti-GM130,DAPI,Human VE-Cadherin antibody,-,EGM2,6dyne/cm² - 4h,rep 2
figure2_6/EGM2_regular/6dyn/EGM2_regular_6dyn-79.tif,12583695,file,Anti-GM130,DAPI,Human VE-Cadherin antibody,-,EGM2,6dyne/cm² - 4h,rep 2
figure2_6/EGM2_regular/6dyn/EGM2_regular_6dyn-80.tif,12583695,file,Anti-GM130,DAPI,Human VE-Cadherin antibody,-,EGM2,6dyne/cm² - 4h,rep 2
figure2_6/EGM2_regular/6dyn/EGM2_regular_6dyn-81.tif,12583695,file,Anti-GM130,DAPI,Human VE-Cadherin antibody,-,EGM2,6dyne/cm² - 4h,rep 3
figure2_6/EGM2_regular/6dyn/EGM2_regular_6dyn-82.tif,12583695,file,Anti-GM130,DAPI,Human VE-Cadherin antibody,-,EGM2,6dyne/cm² - 4h,rep 3
figure2_6/EGM2_regular/6dyn/EGM2_regular_6dyn-83.tif,12583695,file,Anti-GM130,DAPI,Human VE-Cadherin antibody,-,EGM2,6dyne/cm² - 4h,rep 3
figure2_6/EGM2_regular/6dyn/EGM2_regular_6dyn-84.tif,12583695,file,Anti-GM130,DAPI,Human VE-Cadherin antibody,-,EGM2,6dyne/cm² - 4h,rep 3
figure2_6/EGM2_regular/6dyn/EGM2_regular_6dyn-85.tif,12583695,file,Anti-GM130,DAPI,Human VE-Cadherin antibody,-,EGM2,6dyne/cm² - 4h,rep 3
figure2_6/EGM2_regular/6dyn/EGM2_regular_6dyn-86.tif,12583695,file,Anti-GM130,DAPI,Human VE-Cadherin antibody,-,EGM2,6dyne/cm² - 4h,rep 3
figure2_6/EGM2_regular/6dyn/EGM2_regular_6dyn-87.tif,12583695,file,Anti-GM130,DAPI,Human VE-Cadherin antibody,-,EGM2,6dyne/cm² - 4h,rep 3
figure2_6/EGM2_regular/6dyn/EGM2_regular_6dyn-88.tif,12583695,file,Anti-GM130,DAPI,Human VE-Cadherin antibody,-,EGM2,6dyne/cm² - 4h,rep 3
figure2_6/EGM2_regular/6dyn/EGM2_regular_6dyn-89.tif,12583695,file,Anti-GM130,DAPI,Human VE-Cadherin antibody,-,EGM2,6dyne/cm² - 4h,rep 3
figure2_6/EGM2_regular/6dyn/EGM2_regular_6dyn-90.tif,12583695,file,Anti-GM130,DAPI,Human VE-Cadherin antibody,-,EGM2,6dyne/cm² - 4h,rep 3
figure2_6/EGM2_regular/20dyn/EGM2_regular_18-20dyn-01.tif,12583695,file,Anti-GM130,DAPI,Human VE-Cadherin antibody,-,EGM2,20dyne/cm² - 4h,rep 1
figure2_6/EGM2_regular/20dyn/EGM2_regular_18-20dyn-02.tif,12583695,file,Anti-GM130,DAPI,Human VE-Cadherin antibody,-,EGM2,20dyne/cm² - 4h,rep 1
figure2_6/EGM2_regular/20dyn/EGM2_regular_18-20dyn-03.tif,12583695,file,Anti-GM130,DAPI,Human VE-Cadherin antibody,-,EGM2,20dyne/cm² - 4h,rep 1
figure2_6/EGM2_regular/20dyn/EGM2_regular_18-20dyn-04.tif,12583695,file,Anti-GM130,DAPI,Human VE-Cadherin antibody,-,EGM2,20dyne/cm² - 4h,rep 1
figure2_6/EGM2_regular/20dyn/EGM2_regular_18-20dyn-05.tif,12583695,file,Anti-GM130,DAPI,Human VE-Cadherin antibody,-,EGM2,20dyne/cm² - 4h,rep 1
figure2_6/EGM2_regular/20dyn/EGM2_regular_18-20dyn-06.tif,12583695,file,Anti-GM130,DAPI,Human VE-Cadherin antibody,-,EGM2,20dyne/cm² - 4h,rep 1
figure2_6/EGM2_regular/20dyn/EGM2_regular_18-20dyn-07.tif,12583695,file,Anti-GM130,DAPI,Human VE-Cadherin antibody,-,EGM2,20dyne/cm² - 4h,rep 1
figure2_6/EGM2_regular/20dyn/EGM2_regular_18-20dyn-08.tif,12583695,file,Anti-GM130,DAPI,Human VE-Cadherin antibody,-,EGM2,20dyne/cm² - 4h,rep 1
figure2_6/EGM2_regular/20dyn/EGM2_regular_18-20dyn-09.tif,12583695,file,Anti-GM130,DAPI,Human VE-Cadherin antibody,-,EGM2,20dyne/cm² - 4h,rep 1
figure2_6/EGM2_regular/20dyn/EGM2_regular_18-20dyn-10.tif,12583695,file,Anti-GM130,DAPI,Human VE-Cadherin antibody,-,EGM2,20dyne/cm² - 4h,rep 1
figure2_6/EGM2_regular/20dyn/EGM2_regular_18-20dyn-51.tif,12583695,file,Anti-GM130,DAPI,Human VE-Cadherin antibody,-,EGM2,20dyne/cm² - 4h,rep 2
figure2_6/EGM2_regular/20dyn/EGM2_regular_18-20dyn-52.tif,12583695,file,Anti-GM130,DAPI,Human VE-Cadherin antibody,-,EGM2,20dyne/cm² - 4h,rep 2
figure2_6/EGM2_regular/20dyn/EGM2_regular_18-20dyn-53.tif,12583695,file,Anti-GM130,DAPI,Human VE-Cadherin antibody,-,EGM2,20dyne/cm² - 4h,rep 2
figure2_6/EGM2_regular/20dyn/EGM2_regular_18-20dyn-54.tif,12583695,file,Anti-GM130,DAPI,Human VE-Cadherin antibody,-,EGM2,20dyne/cm² - 4h,rep 2
figure2_6/EGM2_regular/20dyn/EGM2_regular_18-20dyn-55.tif,12583695,file,Anti-GM130,DAPI,Human VE-Cadherin antibody,-,EGM2,20dyne/cm² - 4h,rep 2
figure2_6/EGM2_regular/20dyn/EGM2_regular_18-20dyn-56.tif,12583695,file,Anti-GM130,DAPI,Human VE-Cadherin antibody,-,EGM2,20dyne/cm² - 4h,rep 2
figure2_6/EGM2_regular/20dyn/EGM2_regular_18-20dyn-57.tif,12583695,file,Anti-GM130,DAPI,Human VE-Cadherin antibody,-,EGM2,20dyne/cm² - 4h,rep 2
figure2_6/EGM2_regular/20dyn/EGM2_regular_18-20dyn-58.tif,12583695,file,Anti-GM130,DAPI,Human VE-Cadherin antibody,-,EGM2,20dyne/cm² - 4h,rep 2
figure2_6/EGM2_regular/20dyn/EGM2_regular_18-20dyn-59.tif,12583695,file,Anti-GM130,DAPI,Human VE-Cadherin antibody,-,EGM2,20dyne/cm² - 4h,rep 2
figure2_6/EGM2_regular/20dyn/EGM2_regular_18-20dyn-60.tif,12583695,file,Anti-GM130,DAPI,Human VE-Cadherin antibody,-,EGM2,20dyne/cm² - 4h,rep 2
figure2_6/EGM2_regular/20dyn/EGM2_regular_18-20dyn-61.tif,12583695,file,Anti-GM130,DAPI,Human VE-Cadherin antibody,-,EGM2,20dyne/cm² - 4h,rep 3
figure2_6/EGM2_regular/20dyn/EGM2_regular_18-20dyn-62.tif,12583695,file,Anti-GM130,DAPI,Human VE-Cadherin antibody,-,EGM2,20dyne/cm² - 4h,rep 3
figure2_6/EGM2_regular/20dyn/EGM2_regular_18-20dyn-63.tif,12583695,file,Anti-GM130,DAPI,Human VE-Cadherin antibody,-,EGM2,20dyne/cm² - 4h,rep 3
figure2_6/EGM2_regular/20dyn/EGM2_regular_18-20dyn-64.tif,12583695,file,Anti-GM130,DAPI,Human VE-Cadherin antibody,-,EGM2,20dyne/cm² - 4h,rep 3
figure2_6/EGM2_regular/20dyn/EGM2_regular_18-20dyn-65.tif,12583695,file,Anti-GM130,DAPI,Human VE-Cadherin antibody,-,EGM2,20dyne/cm² - 4h,rep 3
figure2_6/EGM2_regular/20dyn/EGM2_regular_18-20dyn-66.tif,12583695,file,Anti-GM130,DAPI,Human VE-Cadherin antibody,-,EGM2,20dyne/cm² - 4h,rep 3
figure2_6/EGM2_regular/20dyn/EGM2_regular_18-20dyn-67.tif,12583695,file,Anti-GM130,DAPI,Human VE-Cadherin antibody,-,EGM2,20dyne/cm² - 4h,rep 3
figure2_6/EGM2_regular/20dyn/EGM2_regular_18-20dyn-68.tif,12583695,file,Anti-GM130,DAPI,Human VE-Cadherin antibody,-,EGM2,20dyne/cm² - 4h,rep 3
figure2_6/EGM2_regular/20dyn/EGM2_regular_18-20dyn-69.tif,12583695,file,Anti-GM130,DAPI,Human VE-Cadherin antibody,-,EGM2,20dyne/cm² - 4h,rep 3
figure2_6/EGM2_regular/20dyn/EGM2_regular_18-20dyn-70.tif,12583695,file,Anti-GM130,DAPI,Human VE-Cadherin antibody,-,EGM2,20dyne/cm² - 4h,rep 3
figure2_6/EGM2_regular/static/EGM2_regular_static-11.tif,12583695,file,Anti-GM130,DAPI,Human VE-Cadherin antibody,-,EGM2,static,rep 1
figure2_6/EGM2_regular/static/EGM2_regular_static-12.tif,12583695,file,Anti-GM130,DAPI,Human VE-Cadherin antibody,-,EGM2,static,rep 1
figure2_6/EGM2_regular/static/EGM2_regular_static-13.tif,12583695,file,Anti-GM130,DAPI,Human VE-Cadherin antibody,-,EGM2,static,rep 1
figure2_6/EGM2_regular/static/EGM2_regular_static-14.tif,12583695,file,Anti-GM130,DAPI,Human VE-Cadherin antibody,-,EGM2,static,rep 1
figure2_6/EGM2_regular/static/EGM2_regular_static-15.tif,12583695,file,Anti-GM130,DAPI,Human VE-Cadherin antibody,-,EGM2,static,rep 1
figure2_6/EGM2_regular/static/EGM2_regular_static-16.tif,12583695,file,Anti-GM130,DAPI,Human VE-Cadherin antibody,-,EGM2,static,rep 1
figure2_6/EGM2_regular/static/EGM2_regular_static-17.tif,12583695,file,Anti-GM130,DAPI,Human VE-Cadherin antibody,-,EGM2,static,rep 1
figure2_6/EGM2_regular/static/EGM2_regular_static-18.tif,12583695,file,Anti-GM130,DAPI,Human VE-Cadherin antibody,-,EGM2,static,rep 1
figure2_6/EGM2_regular/static/EGM2_regular_static-19.tif,12583695,file,Anti-GM130,DAPI,Human VE-Cadherin antibody,-,EGM2,static,rep 1
figure2_6/EGM2_regular/static/EGM2_regular_static-20.tif,12583695,file,Anti-GM130,DAPI,Human VE-Cadherin antibody,-,EGM2,static,rep 1
figure2_6/EGM2_regular/static/EGM2_regular_static-31.tif,12583695,file,Anti-GM130,DAPI,Human VE-Cadherin antibody,-,EGM2,static,rep 2
figure2_6/EGM2_regular/static/EGM2_regular_static-32.tif,12583695,file,Anti-GM130,DAPI,Human VE-Cadherin antibody,-,EGM2,static,rep 2
figure2_6/EGM2_regular/static/EGM2_regular_static-33.tif,12583695,file,Anti-GM130,DAPI,Human VE-Cadherin antibody,-,EGM2,static,rep 2
figure2_6/EGM2_regular/static/EGM2_regular_static-34.tif,12583695,file,Anti-GM130,DAPI,Human VE-Cadherin antibody,-,EGM2,static,rep 2
figure2_6/EGM2_regular/static/EGM2_regular_static-35.tif,12583695,file,Anti-GM130,DAPI,Human VE-Cadherin antibody,-,EGM2,static,rep 2
figure2_6/EGM2_regular/static/EGM2_regular_static-36.tif,12583695,file,Anti-GM130,DAPI,Human VE-Cadherin antibody,-,EGM2,static,rep 2
figure2_6/EGM2_regular/static/EGM2_regular_static-37.tif,12583695,file,Anti-GM130,DAPI,Human VE-Cadherin antibody,-,EGM2,static,rep 2
figure2_6/EGM2_regular/static/EGM2_regular_static-38.tif,12583695,file,Anti-GM130,DAPI,Human VE-Cadherin antibody,-,EGM2,static,rep 2
figure2_6/EGM2_regular/static/EGM2_regular_static-39.tif,12583695,file,Anti-GM130,DAPI,Human VE-Cadherin antibody,-,EGM2,static,rep 2
figure2_6/EGM2_regular/static/EGM2_regular_static-40.tif,12583695,file,Anti-GM130,DAPI,Human VE-Cadherin antibody,-,EGM2,static,rep 2
figure2_6/EGM2_regular/static/EGM2_regular_static-41.tif,12583695,file,Anti-GM130,DAPI,Human VE-Cadherin antibody,-,EGM2,static,rep 3
figure2_6/EGM2_regular/static/EGM2_regular_static-42.tif,12583695,file,Anti-GM130,DAPI,Human VE-Cadherin antibody,-,EGM2,static,rep 3
figure2_6/EGM2_regular/static/EGM2_regular_static-43.tif,12583695,file,Anti-GM130,DAPI,Human VE-Cadherin antibody,-,EGM2,static,rep 3
figure2_6/EGM2_regular/static/EGM2_regular_static-44.tif,12583695,file,Anti-GM130,DAPI,Human VE-Cadherin antibody,-,EGM2,static,rep 3
figure2_6/EGM2_regular/static/EGM2_regular_static-45.tif,12583695,file,Anti-GM130,DAPI,Human VE-Cadherin antibody,-,EGM2,static,rep 3
figure2_6/EGM2_regular/static/EGM2_regular_static-46.tif,12583695,file,Anti-GM130,DAPI,Human VE-Cadherin antibody,-,EGM2,static,rep 3
figure2_6/EGM2_regular/static/EGM2_regular_static-47.tif,12583695,file,Anti-GM130,DAPI,Human VE-Cadherin antibody,-,EGM2,static,rep 3
figure2_6/EGM2_regular/static/EGM2_regular_static-48.tif,12583695,file,Anti-GM130,DAPI,Human VE-Cadherin antibody,-,EGM2,static,rep 3
figure2_6/EGM2_regular/static/EGM2_regular_static-49.tif,12583695,file,Anti-GM130,DAPI,Human VE-Cadherin antibody,-,EGM2,static,rep 3
figure2_6/EGM2_regular/static/EGM2_regular_static-50.tif,12583695,file,Anti-GM130,DAPI,Human VE-Cadherin antibody,-,EGM2,static,rep 3
figure2_6/example_images/060721_EGM2_18dyn03.tif,16781265,file,Anti-GM130,phospho-SMAD159,DAPI,Human VE-Cadherin antibody,EGM2,18dyne/cm² - 4h,rep1
figure3/20230314_HUVECS_wt_med_24hstatic_lefttoright_VeCadVimPlec_20x_08x-02_tile.tif,121368693,file,Human VE-Cadherin antibody,Vimentin,Plectin,DAPI,EGM,static,rep1
figure3/HUVECS_wt_med_6dyn_24hflow_lefttoright_VeCadVimPlec_20x_08x-02_tile.tif,121805717,file,Human VE-Cadherin antibody,Vimentin,Plectin,DAPI,EGM,6dyne/cm² - 24h,rep1
figure3/20231024_gCtrl_48hflow_lefttoright_VECadVimcGas_20x08-02.tif,60748256,file,Vimentin,Human VE-Cadherin antibody,DAPI,-,EGM,20dyne/cm² - 48h,rep1
figure3/20231024_gCtrl_static_lefttoright_VECadVimcGas_20x08-02.tif,61013616,file,Vimentin,Human VE-Cadherin antibody,DAPI,-,EGM,static,rep2
figure4/EBM2_static/resized1024_8bit_zMAX231005_slide_ebm2_statcont_488notch_555fak_647vecad-01-Scene-1-P1.tif,4195216,file,notch1,Human VE-Cadherin antibody,DAPI,FAK,EGM2,static,rep1
figure4/EBM2_static/resized1024_8bit_zMAX231005_slide_ebm2_statcont_488notch_555fak_647vecad-01-Scene-2-P2.tif,4195216,file,notch1,Human VE-Cadherin antibody,DAPI,FAK,EGM2,static,rep1
figure4/EBM2_static/resized1024_8bit_zMAX231005_slide_ebm2_statcont_488notch_555fak_647vecad-01-Scene-3-P3.tif,4195216,file,notch1,Human VE-Cadherin antibody,DAPI,FAK,EGM2,static,rep1
figure4/EBM2_static/resized1024_8bit_zMAX231005_slide_ebm2_statcont_488notch_555fak_647vecad-01-Scene-4-P4.tif,4195216,file,notch1,Human VE-Cadherin antibody,DAPI,FAK,EGM2,static,rep1
figure4/EGM2_ltr_2h/resized1024_8bit_zMAX231005_slide_egm2_2hfow_488phosphopax_emissionfix_555fak_647vecad_lowerres-01-.tif,4195218,file,notch1,Human VE-Cadherin antibody,DAPI,FAK,EGM2,20dyne/cm² - 2h,rep1
figure4/EGM2_ltr_2h/resized1024_8bit_zMAX231005_slide_egm2_2hfow_488phosphopax_emissionfix_555fak_647vecad_lowerres-02.tif,4195218,file,notch1,Human VE-Cadherin antibody,DAPI,FAK,EGM2,20dyne/cm² - 2h,rep1
figure4/EGM2_ltr_2h/resized1024_8bit_zMAX231005_slide_egm2_2hfow_488phosphopax_emissionfix_555fak_647vecad_lowerres-03.tif,4195218,file,notch1,Human VE-Cadherin antibody,DAPI,FAK,EGM2,20dyne/cm² - 2h,rep1
figure4/EGM2_ltr_30min/resized1024_8bit_zMAX231005_slide_egm2_flowltr_30min_488notch_emissionfix_555fak_647vecad-01-Scene-1-P1.tif,4195216,file,notch1,Human VE-Cadherin antibody,DAPI,FAK,EGM2,20dyne/cm² - 0.5h,rep1
figure4/EGM2_ltr_30min/resized1024_8bit_zMAX231005_slide_egm2_flowltr_30min_488notch_emissionfix_555fak_647vecad-01-Scene-2-P2.tif,4195216,file,notch1,Human VE-Cadherin antibody,DAPI,FAK,EGM2,20dyne/cm² - 0.5h,rep1
figure4/EGM2_ltr_30min/resized1024_8bit_zMAX231005_slide_egm2_flowltr_30min_488notch_emissionfix_555fak_647vecad-01-Scene-3-P3.tif,4195216,file,notch1,Human VE-Cadherin antibody,DAPI,FAK,EGM2,20dyne/cm² - 0.5h,rep1
figure4/EGM2_ltr_30min/resized1024_8bit_zMAX231005_slide_egm2_flowltr_30min_488notch_emissionfix_555fak_647vecad-01-Scene-4-P4.tif,4195216,file,notch1,Human VE-Cadherin antibody,DAPI,FAK,EGM2,20dyne/cm² - 0.5h,rep1
figure5/rep_1_020323_siCTRL/4h/230302_siCTRL_MV2_4h_6dyn-01(11).tif,16778196,file,Anti-GM130,klf4,DAPI,Human VE-Cadherin antibody,MV2,6dyne/cm² - 4h,rep1
figure5/rep_1_020323_siCTRL/4h/230302_siCTRL_MV2_4h_6dyn-01(12).tif,16778196,file,Anti-GM130,klf4,DAPI,Human VE-Cadherin antibody,MV2,6dyne/cm² - 4h,rep1
figure5/rep_1_020323_siCTRL/4h/230302_siCTRL_MV2_4h_6dyn-01(13).tif,16778196,file,Anti-GM130,klf4,DAPI,Human VE-Cadherin antibody,MV2,6dyne/cm² - 4h,rep1
figure5/rep_1_020323_siCTRL/4h/230302_siCTRL_MV2_4h_6dyn-01(14).tif,16778196,file,Anti-GM130,klf4,DAPI,Human VE-Cadherin antibody,MV2,6dyne/cm² - 4h,rep1
figure5/rep_1_020323_siCTRL/4h/230302_siCTRL_MV2_4h_6dyn-01(15).tif,16778196,file,Anti-GM130,klf4,DAPI,Human VE-Cadherin antibody,MV2,6dyne/cm² - 4h,rep1
figure5/rep_1_020323_siCTRL/4h/230302_siCTRL_MV2_4h_6dyn-01(16).tif,16778196,file,Anti-GM130,klf4,DAPI,Human VE-Cadherin antibody,MV2,6dyne/cm² - 4h,rep1
figure5/rep_1_020323_siCTRL/4h/230302_siCTRL_MV2_4h_6dyn-01(17).tif,16778196,file,Anti-GM130,klf4,DAPI,Human VE-Cadherin antibody,MV2,6dyne/cm² - 4h,rep1
figure5/rep_1_020323_siCTRL/4h/230302_siCTRL_MV2_4h_6dyn-01(18).tif,16778196,file,Anti-GM130,klf4,DAPI,Human VE-Cadherin antibody,MV2,6dyne/cm² - 4h,rep1
figure5/rep_1_020323_siCTRL/4h/230302_siCTRL_MV2_4h_6dyn-01(19).tif,16778196,file,Anti-GM130,klf4,DAPI,Human VE-Cadherin antibody,MV2,6dyne/cm² - 4h,rep1
figure5/rep_1_020323_siCTRL/4h/230302_siCTRL_MV2_4h_6dyn-01(20).tif,16778196,file,Anti-GM130,klf4,DAPI,Human VE-Cadherin antibody,MV2,6dyne/cm² - 4h,rep1
figure5/rep_1_020323_siCTRL/16h/230302_siCTRL_MV2_16h_6dyn-01(11).tif,16778196,file,Anti-GM130,klf4,DAPI,Human VE-Cadherin antibody,MV2,6dyne/cm² - 16h,rep1
figure5/rep_1_020323_siCTRL/16h/230302_siCTRL_MV2_16h_6dyn-01(12).tif,16778196,file,Anti-GM130,klf4,DAPI,Human VE-Cadherin antibody,MV2,6dyne/cm² - 16h,rep1
figure5/rep_1_020323_siCTRL/16h/230302_siCTRL_MV2_16h_6dyn-01(13).tif,16778196,file,Anti-GM130,klf4,DAPI,Human VE-Cadherin antibody,MV2,6dyne/cm² - 16h,rep1
figure5/rep_1_020323_siCTRL/16h/230302_siCTRL_MV2_16h_6dyn-01(14).tif,16778196,file,Anti-GM130,klf4,DAPI,Human VE-Cadherin antibody,MV2,6dyne/cm² - 16h,rep1
figure5/rep_1_020323_siCTRL/16h/230302_siCTRL_MV2_16h_6dyn-01(15).tif,16778196,file,Anti-GM130,klf4,DAPI,Human VE-Cadherin antibody,MV2,6dyne/cm² - 16h,rep1
figure5/rep_1_020323_siCTRL/16h/230302_siCTRL_MV2_16h_6dyn-01(16).tif,16778196,file,Anti-GM130,klf4,DAPI,Human VE-Cadherin antibody,MV2,6dyne/cm² - 16h,rep1
figure5/rep_1_020323_siCTRL/16h/230302_siCTRL_MV2_16h_6dyn-01(17).tif,16778196,file,Anti-GM130,klf4,DAPI,Human VE-Cadherin antibody,MV2,6dyne/cm² - 16h,rep1
figure5/rep_1_020323_siCTRL/16h/230302_siCTRL_MV2_16h_6dyn-01(18).tif,16778196,file,Anti-GM130,klf4,DAPI,Human VE-Cadherin antibody,MV2,6dyne/cm² - 16h,rep1
figure5/rep_1_020323_siCTRL/16h/230302_siCTRL_MV2_16h_6dyn-01(19).tif,16778196,file,Anti-GM130,klf4,DAPI,Human VE-Cadherin antibody,MV2,6dyne/cm² - 16h,rep1
figure5/rep_1_020323_siCTRL/16h/230302_siCTRL_MV2_16h_6dyn-01(20).tif,16778196,file,Anti-GM130,klf4,DAPI,Human VE-Cadherin antibody,MV2,6dyne/cm² - 16h,rep1
figure5/rep_1_020323_siCTRL/static/230302_siCTRL_MV2_4h_static-02(1).tif,16778196,file,Anti-GM130,klf4,DAPI,Human VE-Cadherin antibody,MV2,static,rep1
figure5/rep_1_020323_siCTRL/static/230302_siCTRL_MV2_4h_static-02(2).tif,16778196,file,Anti-GM130,klf4,DAPI,Human VE-Cadherin antibody,MV2,static,rep1
figure5/rep_1_020323_siCTRL/static/230302_siCTRL_MV2_4h_static-02(3).tif,16778196,file,Anti-GM130,klf4,DAPI,Human VE-Cadherin antibody,MV2,static,rep1
figure5/rep_1_020323_siCTRL/static/230302_siCTRL_MV2_4h_static-02(4).tif,16778196,file,Anti-GM130,klf4,DAPI,Human VE-Cadherin antibody,MV2,static,rep1
figure5/rep_1_020323_siCTRL/static/230302_siCTRL_MV2_4h_static-02(5).tif,16778196,file,Anti-GM130,klf4,DAPI,Human VE-Cadherin antibody,MV2,static,rep1
figure5/rep_1_020323_siCTRL/static/230302_siCTRL_MV2_4h_static-02(6).tif,16778196,file,Anti-GM130,klf4,DAPI,Human VE-Cadherin antibody,MV2,static,rep1
figure5/rep_1_020323_siCTRL/static/230302_siCTRL_MV2_4h_static-02(7).tif,16778196,file,Anti-GM130,klf4,DAPI,Human VE-Cadherin antibody,MV2,static,rep1
figure5/rep_1_020323_siCTRL/static/230302_siCTRL_MV2_4h_static-02(8).tif,16778196,file,Anti-GM130,klf4,DAPI,Human VE-Cadherin antibody,MV2,static,rep1
figure5/rep_1_020323_siCTRL/static/230302_siCTRL_MV2_4h_static-02(9).tif,16778196,file,Anti-GM130,klf4,DAPI,Human VE-Cadherin antibody,MV2,static,rep1
figure5/rep_1_020323_siCTRL/static/230302_siCTRL_MV2_4h_static-02(10).tif,16778196,file,Anti-GM130,klf4,DAPI,Human VE-Cadherin antibody,MV2,static,rep1
figure5/rep_2_300323_siCTRL/4h/230230_siCTRL_MV2_4h_6dyn_KLF4_Vimentin-01(1).tif,16778196,file,Vimentin,klf4,DAPI,Human VE-Cadherin antibody,MV2,6dyne/cm² - 4h,rep2
figure5/rep_2_300323_siCTRL/4h/230230_siCTRL_MV2_4h_6dyn_KLF4_Vimentin-01(2).tif,16778196,file,Vimentin,klf4,DAPI,Human VE-Cadherin antibody,MV2,6dyne/cm² - 4h,rep2
figure5/rep_2_300323_siCTRL/4h/230230_siCTRL_MV2_4h_6dyn_KLF4_Vimentin-01(3).tif,16778208,file,Vimentin,klf4,DAPI,Human VE-Cadherin antibody,MV2,6dyne/cm² - 4h,rep2
figure5/rep_2_300323_siCTRL/4h/230230_siCTRL_MV2_4h_6dyn_KLF4_Vimentin-01(4).tif,16778196,file,Vimentin,klf4,DAPI,Human VE-Cadherin antibody,MV2,6dyne/cm² - 4h,rep2
figure5/rep_2_300323_siCTRL/4h/230230_siCTRL_MV2_4h_6dyn_KLF4_Vimentin-01(5).tif,16778207,file,Vimentin,klf4,DAPI,Human VE-Cadherin antibody,MV2,6dyne/cm² - 4h,rep2
figure5/rep_2_300323_siCTRL/4h/230230_siCTRL_MV2_4h_6dyn_KLF4_Vimentin-01(6).tif,16778196,file,Vimentin,klf4,DAPI,Human VE-Cadherin antibody,MV2,6dyne/cm² - 4h,rep2
figure5/rep_2_300323_siCTRL/4h/230230_siCTRL_MV2_4h_6dyn_KLF4_Vimentin-01(7).tif,16778196,file,Vimentin,klf4,DAPI,Human VE-Cadherin antibody,MV2,6dyne/cm² - 4h,rep2
figure5/rep_2_300323_siCTRL/4h/230230_siCTRL_MV2_4h_6dyn_KLF4_Vimentin-01(8).tif,16778196,file,Vimentin,klf4,DAPI,Human VE-Cadherin antibody,MV2,6dyne/cm² - 4h,rep2
figure5/rep_2_300323_siCTRL/4h/230230_siCTRL_MV2_4h_6dyn_KLF4_Vimentin-01(9).tif,16778196,file,Vimentin,klf4,DAPI,Human VE-Cadherin antibody,MV2,6dyne/cm² - 4h,rep2
figure5/rep_2_300323_siCTRL/4h/230230_siCTRL_MV2_4h_6dyn_KLF4_Vimentin-01(10).tif,16778196,file,Vimentin,klf4,DAPI,Human VE-Cadherin antibody,MV2,6dyne/cm² - 4h,rep2
figure5/rep_2_300323_siCTRL/16h/230330_MV2_16h_6dyn_Ki67-02(1).tif,16778196,file,Ki67,klf4,DAPI,Human VE-Cadherin antibody,MV2,6dyne/cm² - 16h,rep2
figure5/rep_2_300323_siCTRL/16h/230330_MV2_16h_6dyn_Ki67-02(2).tif,16778196,file,Ki67,klf4,DAPI,Human VE-Cadherin antibody,MV2,6dyne/cm² - 16h,rep2
figure5/rep_2_300323_siCTRL/16h/230330_MV2_16h_6dyn_Ki67-02(3).tif,16778196,file,Ki67,klf4,DAPI,Human VE-Cadherin antibody,MV2,6dyne/cm² - 16h,rep2
figure5/rep_2_300323_siCTRL/16h/230330_MV2_16h_6dyn_Ki67-02(4).tif,16778196,file,Ki67,klf4,DAPI,Human VE-Cadherin antibody,MV2,6dyne/cm² - 16h,rep2
figure5/rep_2_300323_siCTRL/16h/230330_MV2_16h_6dyn_Ki67-02(5).tif,16778196,file,Ki67,klf4,DAPI,Human VE-Cadherin antibody,MV2,6dyne/cm² - 16h,rep2
figure5/rep_2_300323_siCTRL/16h/230330_MV2_16h_6dyn_Ki67-02(6).tif,16778196,file,Ki67,klf4,DAPI,Human VE-Cadherin antibody,MV2,6dyne/cm² - 16h,rep2
figure5/rep_2_300323_siCTRL/16h/230330_MV2_16h_6dyn_Ki67-02(7).tif,16778196,file,Ki67,klf4,DAPI,Human VE-Cadherin antibody,MV2,6dyne/cm² - 16h,rep2
figure5/rep_2_300323_siCTRL/16h/230330_MV2_16h_6dyn_Ki67-02(8).tif,16778196,file,Ki67,klf4,DAPI,Human VE-Cadherin antibody,MV2,6dyne/cm² - 16h,rep2
figure5/rep_2_300323_siCTRL/16h/230330_MV2_16h_6dyn_Ki67-02(9).tif,16778196,file,Ki67,klf4,DAPI,Human VE-Cadherin antibody,MV2,6dyne/cm² - 16h,rep2
figure5/rep_2_300323_siCTRL/16h/230330_MV2_16h_6dyn_Ki67-02(10).tif,16778196,file,Ki67,klf4,DAPI,Human VE-Cadherin antibody,MV2,6dyne/cm² - 16h,rep2
figure5/rep_2_300323_siCTRL/static/230230_MV2_static_KLF4_Ki67_Vimentin-01(1).tif,16778205,file,Vimentin,klf4,DAPI,Human VE-Cadherin antibody,MV2,static,rep2
figure5/rep_2_300323_siCTRL/static/230230_MV2_static_KLF4_Ki67_Vimentin-01(2).tif,16778196,file,Vimentin,klf4,DAPI,Human VE-Cadherin antibody,MV2,static,rep2
figure5/rep_2_300323_siCTRL/static/230230_MV2_static_KLF4_Ki67_Vimentin-01(3).tif,16778196,file,Vimentin,klf4,DAPI,Human VE-Cadherin antibody,MV2,static,rep2
figure5/rep_2_300323_siCTRL/static/230230_MV2_static_KLF4_Ki67_Vimentin-01(4).tif,16778196,file,Vimentin,klf4,DAPI,Human VE-Cadherin antibody,MV2,static,rep2
figure5/rep_2_300323_siCTRL/static/230230_MV2_static_KLF4_Ki67_Vimentin-01(5).tif,16778196,file,Vimentin,klf4,DAPI,Human VE-Cadherin antibody,MV2,static,rep2
figure5/rep_2_300323_siCTRL/static/230230_MV2_static_KLF4_Ki67_Vimentin-01(6).tif,16778196,file,Vimentin,klf4,DAPI,Human VE-Cadherin antibody,MV2,static,rep2
figure5/rep_2_300323_siCTRL/static/230230_MV2_static_KLF4_Ki67_Vimentin-01(8).tif,16778196,file,Vimentin,klf4,DAPI,Human VE-Cadherin antibody,MV2,static,rep2
figure5/rep_2_300323_siCTRL/static/230230_MV2_static_KLF4_Ki67_Vimentin-01(9).tif,16778196,file,Vimentin,klf4,DAPI,Human VE-Cadherin antibody,MV2,static,rep2
figure5/rep_2_300323_siCTRL/static/230230_MV2_static_KLF4_Ki67_Vimentin-01(10).tif,16778196,file,Vimentin,klf4,DAPI,Human VE-Cadherin antibody,MV2,static,rep2
figure5/example_images/230230_MV2_4h_6dyn_KLF4_Vimentin-0.tif,16778196,file,Vimentin,klf4,DAPI,Human VE-Cadherin antibody,MV2,6dyne/cm² - 4h,rep1
figure5/example_images/230302_MV2_4h_static-02.tif,16778196,file,Anti-GM130,klf4,DAPI,Human VE-Cadherin antibody,MV2,static,rep1
figure5/example_images/230330_MV2_16h_6dyn_Ki67-02.tif,16778196,file,Ki67,klf4,DAPI,Human VE-Cadherin antibody,MV2,6dyne/cm² - 16h,rep1
